path,category,dimensions,kb,is_thumbnail,used_on_old_pages,suggested_use
research/old-site/assets/images/CraleBrochure.pdf,document,,915,False,about.html; commercial.html; contact.html; index.html; products-partners.html; projects-commercial.html; projects-indian-lake.html; projects-residential.html; projects.html; property-management.html; residential.html,Downloadable PDF
research/old-site/assets/images/rentals/APPLICATION.pdf,document,,7,False,property-management.html,Downloadable PDF
research/old-site/assets/images/rentals/Carbon Monoxide Information.pdf,document,,7022,False,property-management.html,Downloadable PDF
research/old-site/assets/images/rentals/LEAD BASE FORM.pdf,document,,165,False,property-management.html,Downloadable PDF
research/old-site/assets/images/rentals/LeadPaintDisclosure.pdf,document,,674,False,property-management.html,Downloadable PDF
research/old-site/assets/images/rentals/Lease.pdf,document,,142,False,property-management.html,Downloadable PDF
research/old-site/assets/images/Gallery/commercial/001.jpg,gallery-commercial,1000x542,192,False,projects-commercial.html,Commercial page
research/old-site/assets/images/Gallery/commercial/002.jpg,gallery-commercial,1000x478,195,False,projects-commercial.html,Commercial page
research/old-site/assets/images/Gallery/commercial/007.jpg,gallery-commercial,1000x684,235,False,projects-commercial.html,Commercial page
research/old-site/assets/images/Gallery/commercial/008.jpg,gallery-commercial,1000x639,253,False,projects-commercial.html,Commercial page
research/old-site/assets/images/Gallery/commercial/009.jpg,gallery-commercial,750x1000,285,False,projects-commercial.html,Commercial page
research/old-site/assets/images/Gallery/commercial/010.jpg,gallery-commercial,1332x886,293,False,projects-commercial.html,Commercial page
research/old-site/assets/images/Gallery/commercial/011.jpg,gallery-commercial,1000x561,316,False,projects-commercial.html,Commercial page
research/old-site/assets/images/Gallery/commercial/012.jpg,gallery-commercial,1000x563,163,False,projects-commercial.html,Commercial page
research/old-site/assets/images/Gallery/commercial/013.jpg,gallery-commercial,1000x750,346,False,projects-commercial.html,Commercial page
research/old-site/assets/images/Gallery/commercial/small/001-sm.jpg,gallery-commercial,220x170,15,True,projects-commercial.html,Thumbnail only
research/old-site/assets/images/Gallery/commercial/small/002-sm.jpg,gallery-commercial,220x170,17,True,projects-commercial.html,Thumbnail only
research/old-site/assets/images/Gallery/commercial/small/007-sm.jpg,gallery-commercial,220x170,19,True,projects-commercial.html,Thumbnail only
research/old-site/assets/images/Gallery/commercial/small/008-sm.jpg,gallery-commercial,220x170,18,True,projects-commercial.html,Thumbnail only
research/old-site/assets/images/Gallery/commercial/small/009-sm.jpg,gallery-commercial,220x170,23,True,projects-commercial.html,Thumbnail only
research/old-site/assets/images/Gallery/commercial/small/010-sm.jpg,gallery-commercial,220x170,17,True,projects-commercial.html,Thumbnail only
research/old-site/assets/images/Gallery/commercial/small/011-sm.jpg,gallery-commercial,220x170,28,True,projects-commercial.html,Thumbnail only
research/old-site/assets/images/Gallery/commercial/small/012-sm.jpg,gallery-commercial,220x170,15,True,projects-commercial.html,Thumbnail only
research/old-site/assets/images/Gallery/commercial/small/013-sm.jpg,gallery-commercial,220x170,21,True,projects-commercial.html,Thumbnail only
research/old-site/assets/images/Gallery/indian-lake/001.jpg,gallery-indian-lake,1000x731,498,False,projects-indian-lake.html,Indian Lake gallery + landing page
research/old-site/assets/images/Gallery/indian-lake/004.jpg,gallery-indian-lake,1000x563,166,False,projects-indian-lake.html,Indian Lake gallery + landing page
research/old-site/assets/images/Gallery/indian-lake/005.jpg,gallery-indian-lake,1000x786,396,False,projects-indian-lake.html,Indian Lake gallery + landing page
research/old-site/assets/images/Gallery/indian-lake/007.jpg,gallery-indian-lake,1000x822,345,False,projects-indian-lake.html,Indian Lake gallery + landing page
research/old-site/assets/images/Gallery/indian-lake/008.jpg,gallery-indian-lake,1000x808,406,False,projects-indian-lake.html,Indian Lake gallery + landing page
research/old-site/assets/images/Gallery/indian-lake/009.jpg,gallery-indian-lake,898x1000,549,False,projects-indian-lake.html,Indian Lake gallery + landing page
research/old-site/assets/images/Gallery/indian-lake/010.jpg,gallery-indian-lake,1000x529,192,False,projects-indian-lake.html,Indian Lake gallery + landing page
research/old-site/assets/images/Gallery/indian-lake/011.jpg,gallery-indian-lake,1000x705,314,False,projects-indian-lake.html,Indian Lake gallery + landing page
research/old-site/assets/images/Gallery/indian-lake/012.jpg,gallery-indian-lake,1000x643,286,False,projects-indian-lake.html,Indian Lake gallery + landing page
research/old-site/assets/images/Gallery/indian-lake/013.jpg,gallery-indian-lake,1000x718,400,False,projects-indian-lake.html,Indian Lake gallery + landing page
research/old-site/assets/images/Gallery/indian-lake/014.jpg,gallery-indian-lake,1000x821,462,False,projects-indian-lake.html,Indian Lake gallery + landing page
research/old-site/assets/images/Gallery/indian-lake/015.jpg,gallery-indian-lake,1000x715,379,False,projects-indian-lake.html,Indian Lake gallery + landing page
research/old-site/assets/images/Gallery/indian-lake/016.jpg,gallery-indian-lake,1000x732,444,False,projects-indian-lake.html,Indian Lake gallery + landing page
research/old-site/assets/images/Gallery/indian-lake/017.jpg,gallery-indian-lake,1000x750,396,False,projects-indian-lake.html,Indian Lake gallery + landing page
research/old-site/assets/images/Gallery/indian-lake/018.jpg,gallery-indian-lake,1000x738,309,False,projects-indian-lake.html,Indian Lake gallery + landing page
research/old-site/assets/images/Gallery/indian-lake/019.jpg,gallery-indian-lake,1000x760,330,False,projects-indian-lake.html,Indian Lake gallery + landing page
research/old-site/assets/images/Gallery/indian-lake/020.jpg,gallery-indian-lake,1000x752,334,False,projects-indian-lake.html,Indian Lake gallery + landing page
research/old-site/assets/images/Gallery/indian-lake/021.jpg,gallery-indian-lake,1000x719,254,False,projects-indian-lake.html,Indian Lake gallery + landing page
research/old-site/assets/images/Gallery/indian-lake/022.jpg,gallery-indian-lake,1000x647,312,False,projects-indian-lake.html,Indian Lake gallery + landing page
research/old-site/assets/images/Gallery/indian-lake/023.jpg,gallery-indian-lake,1000x857,425,False,projects-indian-lake.html,Indian Lake gallery + landing page
research/old-site/assets/images/Gallery/indian-lake/024.jpg,gallery-indian-lake,1000x732,380,False,projects-indian-lake.html,Indian Lake gallery + landing page
research/old-site/assets/images/Gallery/indian-lake/025.jpg,gallery-indian-lake,1000x691,364,False,projects-indian-lake.html,Indian Lake gallery + landing page
research/old-site/assets/images/Gallery/indian-lake/026.jpg,gallery-indian-lake,1000x768,333,False,projects-indian-lake.html,Indian Lake gallery + landing page
research/old-site/assets/images/Gallery/indian-lake/027.jpg,gallery-indian-lake,1000x652,383,False,projects-indian-lake.html,Indian Lake gallery + landing page
research/old-site/assets/images/Gallery/indian-lake/028.jpg,gallery-indian-lake,1000x572,369,False,projects-indian-lake.html,Indian Lake gallery + landing page
research/old-site/assets/images/Gallery/indian-lake/029.jpg,gallery-indian-lake,1000x721,468,False,projects-indian-lake.html,Indian Lake gallery + landing page
research/old-site/assets/images/Gallery/indian-lake/030.jpg,gallery-indian-lake,1000x704,463,False,projects-indian-lake.html,Indian Lake gallery + landing page
research/old-site/assets/images/Gallery/indian-lake/031.jpg,gallery-indian-lake,1000x750,494,False,projects-indian-lake.html,Indian Lake gallery + landing page
research/old-site/assets/images/Gallery/indian-lake/small/001-sm.jpg,gallery-indian-lake,220x170,26,True,projects-indian-lake.html,Thumbnail only
research/old-site/assets/images/Gallery/indian-lake/small/004-sm.jpg,gallery-indian-lake,220x170,15,True,projects-indian-lake.html,Thumbnail only
research/old-site/assets/images/Gallery/indian-lake/small/005-sm.jpg,gallery-indian-lake,220x170,25,True,projects-indian-lake.html,Thumbnail only
research/old-site/assets/images/Gallery/indian-lake/small/007-sm.jpg,gallery-indian-lake,220x170,22,True,projects-indian-lake.html,Thumbnail only
research/old-site/assets/images/Gallery/indian-lake/small/008-sm.jpg,gallery-indian-lake,220x170,26,True,projects-indian-lake.html,Thumbnail only
research/old-site/assets/images/Gallery/indian-lake/small/009-sm.jpg,gallery-indian-lake,220x170,32,True,projects-indian-lake.html,Thumbnail only
research/old-site/assets/images/Gallery/indian-lake/small/010-sm.jpg,gallery-indian-lake,220x170,17,True,projects-indian-lake.html,Thumbnail only
research/old-site/assets/images/Gallery/indian-lake/small/011-sm.jpg,gallery-indian-lake,220x170,21,True,projects-indian-lake.html,Thumbnail only
research/old-site/assets/images/Gallery/indian-lake/small/012-sm.jpg,gallery-indian-lake,220x170,20,True,projects-indian-lake.html,Thumbnail only
research/old-site/assets/images/Gallery/indian-lake/small/013-sm.jpg,gallery-indian-lake,220x170,26,True,projects-indian-lake.html,Thumbnail only
research/old-site/assets/images/Gallery/indian-lake/small/014-sm.jpg,gallery-indian-lake,220x170,26,True,projects-indian-lake.html,Thumbnail only
research/old-site/assets/images/Gallery/indian-lake/small/015-sm.jpg,gallery-indian-lake,220x170,24,True,projects-indian-lake.html,Thumbnail only
research/old-site/assets/images/Gallery/indian-lake/small/016-sm.jpg,gallery-indian-lake,220x170,25,True,projects-indian-lake.html,Thumbnail only
research/old-site/assets/images/Gallery/indian-lake/small/017-sm.jpg,gallery-indian-lake,220x170,26,True,projects-indian-lake.html,Thumbnail only
research/old-site/assets/images/Gallery/indian-lake/small/018-sm.jpg,gallery-indian-lake,220x170,19,True,projects-indian-lake.html,Thumbnail only
research/old-site/assets/images/Gallery/indian-lake/small/019-sm.jpg,gallery-indian-lake,220x170,21,True,projects-indian-lake.html,Thumbnail only
research/old-site/assets/images/Gallery/indian-lake/small/020-sm.jpg,gallery-indian-lake,220x170,21,True,projects-indian-lake.html,Thumbnail only
research/old-site/assets/images/Gallery/indian-lake/small/021-sm.jpg,gallery-indian-lake,220x170,18,True,projects-indian-lake.html,Thumbnail only
research/old-site/assets/images/Gallery/indian-lake/small/022-sm.jpg,gallery-indian-lake,220x170,21,True,projects-indian-lake.html,Thumbnail only
research/old-site/assets/images/Gallery/indian-lake/small/023-sm.jpg,gallery-indian-lake,220x170,26,True,projects-indian-lake.html,Thumbnail only
research/old-site/assets/images/Gallery/indian-lake/small/024-sm.jpg,gallery-indian-lake,220x170,25,True,projects-indian-lake.html,Thumbnail only
research/old-site/assets/images/Gallery/indian-lake/small/025-sm.jpg,gallery-indian-lake,220x170,26,True,projects-indian-lake.html,Thumbnail only
research/old-site/assets/images/Gallery/indian-lake/small/026-sm.jpg,gallery-indian-lake,220x170,21,True,projects-indian-lake.html,Thumbnail only
research/old-site/assets/images/Gallery/indian-lake/small/027-sm.jpg,gallery-indian-lake,220x170,24,True,projects-indian-lake.html,Thumbnail only
research/old-site/assets/images/Gallery/indian-lake/small/028-sm.jpg,gallery-indian-lake,220x170,27,True,projects-indian-lake.html,Thumbnail only
research/old-site/assets/images/Gallery/indian-lake/small/029-sm.jpg,gallery-indian-lake,220x170,30,True,projects-indian-lake.html,Thumbnail only
research/old-site/assets/images/Gallery/indian-lake/small/030-sm.jpg,gallery-indian-lake,220x170,28,True,projects-indian-lake.html,Thumbnail only
research/old-site/assets/images/Gallery/indian-lake/small/031-sm.jpg,gallery-indian-lake,220x170,29,True,projects-indian-lake.html,Thumbnail only
research/old-site/assets/images/Gallery/residential/001.jpg,gallery-residential,1000x633,267,False,projects-residential.html,Residential gallery / service pages
research/old-site/assets/images/Gallery/residential/002.jpg,gallery-residential,1000x509,189,False,projects-residential.html,Residential gallery / service pages
research/old-site/assets/images/Gallery/residential/003.jpg,gallery-residential,1000x613,353,False,projects-residential.html,Residential gallery / service pages
research/old-site/assets/images/Gallery/residential/004-REV.jpg,gallery-residential,1000x582,253,False,projects-residential.html,Residential gallery / service pages
research/old-site/assets/images/Gallery/residential/008.jpg,gallery-residential,1000x674,330,False,projects-residential.html,Residential gallery / service pages
research/old-site/assets/images/Gallery/residential/009.jpg,gallery-residential,1000x520,208,False,projects-residential.html,Residential gallery / service pages
research/old-site/assets/images/Gallery/residential/010.jpg,gallery-residential,1000x647,314,False,projects-residential.html,Residential gallery / service pages
research/old-site/assets/images/Gallery/residential/011.jpg,gallery-residential,1000x672,334,False,projects-residential.html,Residential gallery / service pages
research/old-site/assets/images/Gallery/residential/012.jpg,gallery-residential,750x1000,319,False,projects-residential.html,Residential gallery / service pages
research/old-site/assets/images/Gallery/residential/013.jpg,gallery-residential,1000x750,273,False,projects-residential.html,Residential gallery / service pages
research/old-site/assets/images/Gallery/residential/014.jpg,gallery-residential,1000x762,278,False,projects-residential.html,Residential gallery / service pages
research/old-site/assets/images/Gallery/residential/015.jpg,gallery-residential,1000x750,487,False,projects-residential.html,Residential gallery / service pages
research/old-site/assets/images/Gallery/residential/017.jpg,gallery-residential,1000x624,223,False,projects-residential.html,Residential gallery / service pages
research/old-site/assets/images/Gallery/residential/018.jpg,gallery-residential,1000x537,224,False,projects-residential.html,Residential gallery / service pages
research/old-site/assets/images/Gallery/residential/019.jpg,gallery-residential,1000x589,292,False,projects-residential.html,Residential gallery / service pages
research/old-site/assets/images/Gallery/residential/021.jpg,gallery-residential,1000x472,186,False,projects-residential.html,Residential gallery / service pages
research/old-site/assets/images/Gallery/residential/022.jpg,gallery-residential,1000x655,261,False,projects-residential.html,Residential gallery / service pages
research/old-site/assets/images/Gallery/residential/023.jpg,gallery-residential,1000x739,210,False,projects-residential.html,Residential gallery / service pages
research/old-site/assets/images/Gallery/residential/024.jpg,gallery-residential,1000x750,324,False,projects-residential.html,Residential gallery / service pages
research/old-site/assets/images/Gallery/residential/025.jpg,gallery-residential,1000x543,161,False,projects-residential.html,Residential gallery / service pages
research/old-site/assets/images/Gallery/residential/026.jpg,gallery-residential,1000x563,142,False,projects-residential.html,Residential gallery / service pages
research/old-site/assets/images/Gallery/residential/028.jpg,gallery-residential,1000x780,204,False,projects-residential.html,Residential gallery / service pages
research/old-site/assets/images/Gallery/residential/029.jpg,gallery-residential,1000x747,358,False,projects-residential.html,Residential gallery / service pages
research/old-site/assets/images/Gallery/residential/030.jpg,gallery-residential,1000x750,384,False,projects-residential.html,Residential gallery / service pages
research/old-site/assets/images/Gallery/residential/031.jpg,gallery-residential,907x1000,351,False,projects-residential.html,Residential gallery / service pages
research/old-site/assets/images/Gallery/residential/033.jpg,gallery-residential,1000x750,227,False,projects-residential.html,Residential gallery / service pages
research/old-site/assets/images/Gallery/residential/034.jpg,gallery-residential,750x1000,230,False,projects-residential.html,Residential gallery / service pages
research/old-site/assets/images/Gallery/residential/035.jpg,gallery-residential,934x1000,430,False,projects-residential.html,Residential gallery / service pages
research/old-site/assets/images/Gallery/residential/037.jpg,gallery-residential,1000x750,298,False,projects-residential.html,Residential gallery / service pages
research/old-site/assets/images/Gallery/residential/038.jpg,gallery-residential,750x1000,264,False,projects-residential.html,Residential gallery / service pages
research/old-site/assets/images/Gallery/residential/039.jpg,gallery-residential,1000x750,192,False,projects-residential.html,Residential gallery / service pages
research/old-site/assets/images/Gallery/residential/041.jpg,gallery-residential,1000x756,213,False,projects-residential.html,Residential gallery / service pages
research/old-site/assets/images/Gallery/residential/042.jpg,gallery-residential,750x1000,237,False,projects-residential.html,Residential gallery / service pages
research/old-site/assets/images/Gallery/residential/043.jpg,gallery-residential,1000x667,249,False,projects-residential.html,Residential gallery / service pages
research/old-site/assets/images/Gallery/residential/small/001-sm.jpg,gallery-residential,220x170,20,True,projects-residential.html,Thumbnail only
research/old-site/assets/images/Gallery/residential/small/002-sm.jpg,gallery-residential,220x170,14,True,projects-residential.html,Thumbnail only
research/old-site/assets/images/Gallery/residential/small/003-sm.jpg,gallery-residential,220x170,24,True,projects-residential.html,Thumbnail only
research/old-site/assets/images/Gallery/residential/small/004-sm-REV.jpg,gallery-residential,220x170,19,True,projects-residential.html,Thumbnail only
research/old-site/assets/images/Gallery/residential/small/008-sm.jpg,gallery-residential,220x170,18,True,projects-residential.html,Thumbnail only
research/old-site/assets/images/Gallery/residential/small/009-sm.jpg,gallery-residential,220x170,15,True,projects-residential.html,Thumbnail only
research/old-site/assets/images/Gallery/residential/small/010-sm.jpg,gallery-residential,220x170,17,True,projects-residential.html,Thumbnail only
research/old-site/assets/images/Gallery/residential/small/011-sm.jpg,gallery-residential,220x170,18,True,projects-residential.html,Thumbnail only
research/old-site/assets/images/Gallery/residential/small/012-sm.jpg,gallery-residential,220x170,22,True,projects-residential.html,Thumbnail only
research/old-site/assets/images/Gallery/residential/small/013-sm.jpg,gallery-residential,220x170,21,True,projects-residential.html,Thumbnail only
research/old-site/assets/images/Gallery/residential/small/014-sm.jpg,gallery-residential,220x170,18,True,projects-residential.html,Thumbnail only
research/old-site/assets/images/Gallery/residential/small/015-sm.jpg,gallery-residential,220x170,23,True,projects-residential.html,Thumbnail only
research/old-site/assets/images/Gallery/residential/small/017-sm.jpg,gallery-residential,220x170,18,True,projects-residential.html,Thumbnail only
research/old-site/assets/images/Gallery/residential/small/018-sm.jpg,gallery-residential,220x170,19,True,projects-residential.html,Thumbnail only
research/old-site/assets/images/Gallery/residential/small/019-sm.jpg,gallery-residential,220x170,20,True,projects-residential.html,Thumbnail only
research/old-site/assets/images/Gallery/residential/small/021-sm.jpg,gallery-residential,220x170,18,True,projects-residential.html,Thumbnail only
research/old-site/assets/images/Gallery/residential/small/022-sm.jpg,gallery-residential,220x170,19,True,projects-residential.html,Thumbnail only
research/old-site/assets/images/Gallery/residential/small/023-sm.jpg,gallery-residential,220x170,17,True,projects-residential.html,Thumbnail only
research/old-site/assets/images/Gallery/residential/small/024-sm.jpg,gallery-residential,220x170,24,True,projects-residential.html,Thumbnail only
research/old-site/assets/images/Gallery/residential/small/025-sm.jpg,gallery-residential,220x170,17,True,projects-residential.html,Thumbnail only
research/old-site/assets/images/Gallery/residential/small/026-sm.jpg,gallery-residential,220x170,12,True,projects-residential.html,Thumbnail only
research/old-site/assets/images/Gallery/residential/small/028-sm.jpg,gallery-residential,220x170,14,True,projects-residential.html,Thumbnail only
research/old-site/assets/images/Gallery/residential/small/029-sm.jpg,gallery-residential,220x170,23,True,projects-residential.html,Thumbnail only
research/old-site/assets/images/Gallery/residential/small/030-sm.jpg,gallery-residential,220x170,21,True,projects-residential.html,Thumbnail only
research/old-site/assets/images/Gallery/residential/small/031-sm.jpg,gallery-residential,220x170,21,True,projects-residential.html,Thumbnail only
research/old-site/assets/images/Gallery/residential/small/032-sm.jpg,gallery-residential,220x170,14,True,projects-residential.html,Thumbnail only
research/old-site/assets/images/Gallery/residential/small/033-sm.jpg,gallery-residential,220x170,18,True,projects-residential.html,Thumbnail only
research/old-site/assets/images/Gallery/residential/small/034-sm.jpg,gallery-residential,220x170,17,True,projects-residential.html,Thumbnail only
research/old-site/assets/images/Gallery/residential/small/035-sm.jpg,gallery-residential,220x170,19,True,projects-residential.html,Thumbnail only
research/old-site/assets/images/Gallery/residential/small/036-sm.jpg,gallery-residential,220x170,20,True,projects-residential.html,Thumbnail only
research/old-site/assets/images/Gallery/residential/small/037-sm.jpg,gallery-residential,220x170,22,True,projects-residential.html,Thumbnail only
research/old-site/assets/images/Gallery/residential/small/038-sm.jpg,gallery-residential,220x170,18,True,projects-residential.html,Thumbnail only
research/old-site/assets/images/Gallery/residential/small/039-sm.jpg,gallery-residential,220x170,17,True,projects-residential.html,Thumbnail only
research/old-site/assets/images/Gallery/residential/small/040-sm.jpg,gallery-residential,220x170,17,True,projects-residential.html,Thumbnail only
research/old-site/assets/images/Gallery/residential/small/041-sm.jpg,gallery-residential,220x170,16,True,projects-residential.html,Thumbnail only
research/old-site/assets/images/Gallery/residential/small/042-sm.jpg,gallery-residential,220x170,15,True,projects-residential.html,Thumbnail only
research/old-site/assets/images/Gallery/residential/small/043-sm.jpg,gallery-residential,220x170,19,True,projects-residential.html,Thumbnail only
research/old-site/assets/images/Gallery/residential/small/044-sm.jpg,gallery-residential,220x170,18,True,projects-residential.html,Thumbnail only
research/old-site/assets/images/rotating photos/C-2.jpg,homepage-hero,571x344,36,False,commercial.html,Hero candidate (1920x800)
research/old-site/assets/images/rotating photos/rotating-photos-1.jpg,homepage-hero,1920x800,366,False,index.html,Hero candidate (1920x800)
research/old-site/assets/images/rotating photos/rotating-photos-10.jpg,homepage-hero,1920x800,364,False,index.html,Hero candidate (1920x800)
research/old-site/assets/images/rotating photos/rotating-photos-12.jpg,homepage-hero,1920x800,407,False,index.html,Hero candidate (1920x800)
research/old-site/assets/images/rotating photos/rotating-photos-13.jpg,homepage-hero,1920x800,469,False,index.html,Hero candidate (1920x800)
research/old-site/assets/images/rotating photos/rotating-photos-15.jpg,homepage-hero,1920x800,303,False,index.html,Hero candidate (1920x800)
research/old-site/assets/images/rotating photos/rotating-photos-16.jpg,homepage-hero,1920x800,291,False,index.html,Hero candidate (1920x800)
research/old-site/assets/images/rotating photos/rotating-photos-2-REV.jpg,homepage-hero,1920x800,651,False,index.html,Hero candidate (1920x800)
research/old-site/assets/images/rotating photos/rotating-photos-3.jpg,homepage-hero,1920x800,325,False,index.html,Hero candidate (1920x800)
research/old-site/assets/images/Crale Builders logo-MD.png,logo,225x135,37,False,about.html; commercial.html; contact.html; index.html; products-partners.html; projects-commercial.html; projects-indian-lake.html; projects-residential.html; projects.html; property-management.html; residential.html,Brand / footer
research/old-site/assets/images/Indian Lake Chamber logo2.png,logo,140x50,8,False,about.html; commercial.html; contact.html; index.html; products-partners.html; projects-commercial.html; projects-indian-lake.html; projects-residential.html; projects.html; property-management.html; residential.html,Brand / footer
research/old-site/assets/images/crale builders logo-transparent.png,logo,230x130,39,False,about.html; commercial.html; contact.html; index.html; products-partners.html; projects-commercial.html; projects-indian-lake.html; projects-residential.html; projects.html; property-management.html; residential.html,Brand / footer
research/old-site/assets/images/sidney-shelby-chamber-logo.png,logo,120x82,12,False,about.html; commercial.html; contact.html; index.html; products-partners.html; projects-commercial.html; projects-indian-lake.html; projects-residential.html; projects.html; property-management.html; residential.html,Brand / footer
research/old-site/assets/images/FOR-RENT-SM.gif,misc-ui,144x120,8,False,about.html; commercial.html; contact.html; index.html; products-partners.html; projects-commercial.html; projects-indian-lake.html; projects-residential.html; projects.html; property-management.html; residential.html,"Legacy UI, likely drop"
research/old-site/assets/images/PDF-ICON2-SM.png,misc-ui,144x120,13,False,about.html; commercial.html; contact.html; index.html; products-partners.html; projects-commercial.html; projects-indian-lake.html; projects-residential.html; projects.html; property-management.html; residential.html,"Legacy UI, likely drop"
research/old-site/assets/images/completion.jpg,misc-ui,500x197,64,False,index.html,"Legacy UI, likely drop"
research/old-site/assets/images/concept.jpg,misc-ui,490x161,46,False,index.html,"Legacy UI, likely drop"
research/old-site/assets/images/consulting.jpg,misc-ui,450x349,68,False,residential.html,"Legacy UI, likely drop"
research/old-site/assets/images/gallery-icon-commercial-1.jpg,misc-ui,180x180,13,False,index.html,"Legacy UI, likely drop"
research/old-site/assets/images/gallery-icon-indian-lake-2.jpg,misc-ui,180x180,21,False,index.html,"Legacy UI, likely drop"
research/old-site/assets/images/gallery-icon-residential-2.jpg,misc-ui,180x180,18,False,index.html,"Legacy UI, likely drop"
research/old-site/assets/images/sign.jpg,misc-ui,297x375,67,False,about.html,"Legacy UI, likely drop"
research/old-site/assets/images/transparent.png,misc-ui,1920x720,2,False,index.html,"Legacy UI, likely drop"
research/old-site/assets/images/rentals/sidney/exterior/1691-1701-Cumberland.jpg,rental-exterior,1250x520,333,False,Rentals/1691-1701-Cumberland.html,Rental listing card / detail hero
research/old-site/assets/images/rentals/sidney/exterior/901-Winter-Ridge.jpg,rental-exterior,1250x557,251,False,Rentals/901-Winter-Ridge.html,Rental listing card / detail hero
research/old-site/assets/images/rentals/sidney/exterior/949-951-Winter Ridge.jpg,rental-exterior,1250x478,381,False,Rentals/951-Winter-Ridge.html,Rental listing card / detail hero
research/old-site/assets/images/rentals/sidney/exterior/956-Winter-Ridge.jpg,rental-exterior,1250x603,622,False,Rentals/956-958-Winter-Ridge.html,Rental listing card / detail hero
research/old-site/assets/images/rentals/sidney/exterior/962-964-Winter-Ridge.jpg,rental-exterior,1250x481,435,False,Rentals/962-964-Winter-Ridge.html,Rental listing card / detail hero
research/old-site/assets/images/rentals/sidney/exterior/973-975-WinterRidge.jpg,rental-exterior,1250x486,326,False,Rentals/973-975-Winter-Ridge.html,Rental listing card / detail hero
research/old-site/assets/images/rentals/tipp city/exterior/413-Clover-Hill.jpg,rental-exterior,1250x478,284,False,Rentals/413-Clover-Hill.html,Rental listing card / detail hero
research/old-site/assets/images/rentals/tipp city/exterior/567-575-Cider-Mill.jpg,rental-exterior,1250x534,344,False,Rentals/567-575-Cider-Mill.html,Rental listing card / detail hero
research/old-site/assets/images/rentals/tipp city/exterior/581-585-Cider-Mill.jpg,rental-exterior,1250x488,286,False,Rentals/581-585-Cider-Mill.html,Rental listing card / detail hero
research/old-site/assets/images/rentals/sidney/floor plans/1611-Cumberland.png,rental-floor-plan,500x500,15,False,Rentals/1611-1621-Cumberland.html,Rental detail page
research/old-site/assets/images/rentals/sidney/floor plans/1621-Cumberland.png,rental-floor-plan,500x500,15,False,Rentals/1611-1621-Cumberland.html,Rental detail page
research/old-site/assets/images/rentals/sidney/floor plans/1691-Cumberland.png,rental-floor-plan,500x500,16,False,Rentals/1691-1701-Cumberland.html,Rental detail page
research/old-site/assets/images/rentals/sidney/floor plans/1701-Cumberland.png,rental-floor-plan,500x500,18,False,Rentals/1691-1701-Cumberland.html,Rental detail page
research/old-site/assets/images/rentals/sidney/floor plans/1743-Cumberland.png,rental-floor-plan,500x500,18,False,Rentals/1743-1755-Cumberland.html,Rental detail page
research/old-site/assets/images/rentals/sidney/floor plans/1755-Cumberland.png,rental-floor-plan,500x500,18,False,Rentals/1743-1755-Cumberland.html,Rental detail page
research/old-site/assets/images/rentals/sidney/floor plans/901-Winter-Ridge.png,rental-floor-plan,500x500,15,False,Rentals/901-Winter-Ridge.html,Rental detail page
research/old-site/assets/images/rentals/sidney/floor plans/919-Winter-Ridge.png,rental-floor-plan,500x500,15,False,Rentals/919-921-Winter-Ridge.html,Rental detail page
research/old-site/assets/images/rentals/sidney/floor plans/921-Winter-Ridge.png,rental-floor-plan,500x500,15,False,Rentals/919-921-Winter-Ridge.html,Rental detail page
research/old-site/assets/images/rentals/sidney/floor plans/951-Winter-Ridge.png,rental-floor-plan,500x500,19,False,Rentals/951-Winter-Ridge.html,Rental detail page
research/old-site/assets/images/rentals/sidney/floor plans/956-Winter-Ridge.png,rental-floor-plan,500x500,26,False,Rentals/956-958-Winter-Ridge.html,Rental detail page
research/old-site/assets/images/rentals/sidney/floor plans/958-Winter-Ridge.png,rental-floor-plan,500x500,31,False,Rentals/956-958-Winter-Ridge.html,Rental detail page
research/old-site/assets/images/rentals/sidney/floor plans/962-Winter-Ridge.png,rental-floor-plan,500x500,17,False,Rentals/962-964-Winter-Ridge.html,Rental detail page
research/old-site/assets/images/rentals/sidney/floor plans/964-Winter-Ridge.png,rental-floor-plan,500x500,17,False,Rentals/962-964-Winter-Ridge.html,Rental detail page
research/old-site/assets/images/rentals/sidney/floor plans/967-Winter-Ridge.png,rental-floor-plan,500x500,16,False,Rentals/967-969-Winter-Ridge.html,Rental detail page
research/old-site/assets/images/rentals/sidney/floor plans/969-Winter-Ridge.png,rental-floor-plan,500x500,17,False,Rentals/967-969-Winter-Ridge.html,Rental detail page
research/old-site/assets/images/rentals/sidney/floor plans/973-Winter-Ridge.png,rental-floor-plan,500x500,19,False,Rentals/973-975-Winter-Ridge.html,Rental detail page
research/old-site/assets/images/rentals/sidney/floor plans/975-Winter-Ridge.png,rental-floor-plan,500x500,20,False,Rentals/973-975-Winter-Ridge.html,Rental detail page
research/old-site/assets/images/rentals/sidney/floor plans/PDFS/1611-Cumberland.pdf,rental-floor-plan,,174,False,Rentals/1611-1621-Cumberland.html,Rental detail page
research/old-site/assets/images/rentals/sidney/floor plans/PDFS/1621-Cumberland.pdf,rental-floor-plan,,174,False,Rentals/1611-1621-Cumberland.html,Rental detail page
research/old-site/assets/images/rentals/sidney/floor plans/PDFS/1691-Cumberland.pdf,rental-floor-plan,,166,False,Rentals/1691-1701-Cumberland.html,Rental detail page
research/old-site/assets/images/rentals/sidney/floor plans/PDFS/1701-Cumberland.pdf,rental-floor-plan,,168,False,Rentals/1691-1701-Cumberland.html,Rental detail page
research/old-site/assets/images/rentals/sidney/floor plans/PDFS/1743-Cumberland.pdf,rental-floor-plan,,170,False,Rentals/1743-1755-Cumberland.html,Rental detail page
research/old-site/assets/images/rentals/sidney/floor plans/PDFS/1755-Cumberland.pdf,rental-floor-plan,,294,False,Rentals/1743-1755-Cumberland.html,Rental detail page
research/old-site/assets/images/rentals/sidney/floor plans/PDFS/901-Winter-Ridge.pdf,rental-floor-plan,,208,False,Rentals/901-Winter-Ridge.html,Rental detail page
research/old-site/assets/images/rentals/sidney/floor plans/PDFS/919-Winter-Ridge.pdf,rental-floor-plan,,201,False,Rentals/919-921-Winter-Ridge.html,Rental detail page
research/old-site/assets/images/rentals/sidney/floor plans/PDFS/921-Winter-Ridge.pdf,rental-floor-plan,,187,False,Rentals/919-921-Winter-Ridge.html,Rental detail page
research/old-site/assets/images/rentals/sidney/floor plans/PDFS/951-Winter-Ridge.pdf,rental-floor-plan,,187,False,Rentals/951-Winter-Ridge.html,Rental detail page
research/old-site/assets/images/rentals/sidney/floor plans/PDFS/956 Winter Ridge.pdf,rental-floor-plan,,238,False,Rentals/956-958-Winter-Ridge.html,Rental detail page
research/old-site/assets/images/rentals/sidney/floor plans/PDFS/958 Winter Ridge.pdf,rental-floor-plan,,232,False,Rentals/956-958-Winter-Ridge.html,Rental detail page
research/old-site/assets/images/rentals/sidney/floor plans/PDFS/962-Winter-Ridge.pdf,rental-floor-plan,,181,False,Rentals/962-964-Winter-Ridge.html,Rental detail page
research/old-site/assets/images/rentals/sidney/floor plans/PDFS/964-Winter-Ridge.pdf,rental-floor-plan,,179,False,Rentals/962-964-Winter-Ridge.html,Rental detail page
research/old-site/assets/images/rentals/sidney/floor plans/PDFS/967-Winter-Ridge.pdf,rental-floor-plan,,170,False,Rentals/967-969-Winter-Ridge.html,Rental detail page
research/old-site/assets/images/rentals/sidney/floor plans/PDFS/969-Winter-Ridge.pdf,rental-floor-plan,,170,False,Rentals/967-969-Winter-Ridge.html,Rental detail page
research/old-site/assets/images/rentals/sidney/floor plans/PDFS/973-Winter-Ridge.pdf,rental-floor-plan,,178,False,Rentals/973-975-Winter-Ridge.html,Rental detail page
research/old-site/assets/images/rentals/sidney/floor plans/PDFS/975-Winter-Ridge.pdf,rental-floor-plan,,180,False,Rentals/973-975-Winter-Ridge.html,Rental detail page
research/old-site/assets/images/rentals/tipp city/floor plans/2004-Abby-Glen.png,rental-floor-plan,500x500,20,False,Rentals/2004-Abby-Glen.html,Rental detail page
research/old-site/assets/images/rentals/tipp city/floor plans/413-Cover-Hill.png,rental-floor-plan,500x500,24,False,Rentals/413-Clover-Hill.html,Rental detail page
research/old-site/assets/images/rentals/tipp city/floor plans/567-Cider-Mill.png,rental-floor-plan,500x500,20,False,Rentals/567-575-Cider-Mill.html,Rental detail page
research/old-site/assets/images/rentals/tipp city/floor plans/575-Cider-Mill.png,rental-floor-plan,500x500,20,False,Rentals/567-575-Cider-Mill.html,Rental detail page
research/old-site/assets/images/rentals/tipp city/floor plans/581-Cider-Mill.png,rental-floor-plan,500x500,20,False,Rentals/581-585-Cider-Mill.html,Rental detail page
research/old-site/assets/images/rentals/tipp city/floor plans/584-Cider-Mill.png,rental-floor-plan,500x500,21,False,Rentals/584-Cider-Mill.html,Rental detail page
research/old-site/assets/images/rentals/tipp city/floor plans/585-Cider-Mill.png,rental-floor-plan,500x500,20,False,Rentals/581-585-Cider-Mill.html,Rental detail page
research/old-site/assets/images/rentals/tipp city/floor plans/PDFS/2004-Abby-Glen.pdf,rental-floor-plan,,174,False,Rentals/2004-Abby-Glen.html,Rental detail page
research/old-site/assets/images/rentals/tipp city/floor plans/PDFS/413-Clover-Hill.pdf,rental-floor-plan,,171,False,Rentals/413-Clover-Hill.html,Rental detail page
research/old-site/assets/images/rentals/tipp city/floor plans/PDFS/567-Cider-Mill.pdf,rental-floor-plan,,310,False,Rentals/567-575-Cider-Mill.html,Rental detail page
research/old-site/assets/images/rentals/tipp city/floor plans/PDFS/575-Cider-Mill.pdf,rental-floor-plan,,304,False,Rentals/567-575-Cider-Mill.html,Rental detail page
research/old-site/assets/images/rentals/tipp city/floor plans/PDFS/581-Cider-Mill.pdf,rental-floor-plan,,310,False,Rentals/581-585-Cider-Mill.html,Rental detail page
research/old-site/assets/images/rentals/tipp city/floor plans/PDFS/584-Cider-Mill.pdf,rental-floor-plan,,178,False,Rentals/584-Cider-Mill.html,Rental detail page
research/old-site/assets/images/rentals/tipp city/floor plans/PDFS/585-Cider-Mill.pdf,rental-floor-plan,,178,False,Rentals/581-585-Cider-Mill.html,Rental detail page
research/old-site/assets/images/rentals/sidney/interior/901-01.jpg,rental-interior,1000x750,80,False,Rentals/901-Winter-Ridge.html,Rental detail gallery
research/old-site/assets/images/rentals/sidney/interior/901-02.jpg,rental-interior,1000x750,166,False,Rentals/901-Winter-Ridge.html,Rental detail gallery
research/old-site/assets/images/rentals/sidney/interior/901-03.jpg,rental-interior,1000x750,140,False,Rentals/901-Winter-Ridge.html,Rental detail gallery
research/old-site/assets/images/rentals/sidney/interior/901-04.jpg,rental-interior,1000x750,149,False,Rentals/901-Winter-Ridge.html,Rental detail gallery
research/old-site/assets/images/rentals/sidney/interior/901-05.jpg,rental-interior,1000x750,147,False,Rentals/901-Winter-Ridge.html,Rental detail gallery
research/old-site/assets/images/rentals/sidney/interior/901-06.jpg,rental-interior,1000x750,117,False,Rentals/901-Winter-Ridge.html,Rental detail gallery
research/old-site/assets/images/rentals/sidney/interior/901-07.jpg,rental-interior,1000x750,112,False,Rentals/901-Winter-Ridge.html,Rental detail gallery
research/old-site/assets/images/rentals/sidney/interior/901-08.jpg,rental-interior,1000x750,85,False,Rentals/901-Winter-Ridge.html,Rental detail gallery
research/old-site/assets/images/rentals/sidney/interior/901-09.jpg,rental-interior,1000x750,118,False,Rentals/901-Winter-Ridge.html,Rental detail gallery
research/old-site/assets/images/rentals/sidney/interior/901-10.jpg,rental-interior,1000x750,185,False,Rentals/901-Winter-Ridge.html,Rental detail gallery
research/old-site/assets/images/rentals/sidney/interior/951-01.jpg,rental-interior,640x480,48,False,Rentals/951-Winter-Ridge.html,Rental detail gallery
research/old-site/assets/images/rentals/sidney/interior/951-02.jpg,rental-interior,640x480,45,False,Rentals/951-Winter-Ridge.html,Rental detail gallery
research/old-site/assets/images/rentals/sidney/interior/951-03.jpg,rental-interior,640x480,46,False,Rentals/951-Winter-Ridge.html,Rental detail gallery
research/old-site/assets/images/rentals/sidney/interior/951-04.jpg,rental-interior,640x480,39,False,Rentals/951-Winter-Ridge.html,Rental detail gallery
research/old-site/assets/images/rentals/sidney/interior/951-05.jpg,rental-interior,640x480,41,False,Rentals/951-Winter-Ridge.html,Rental detail gallery
research/old-site/assets/images/rentals/sidney/interior/951-06.jpg,rental-interior,640x480,46,False,Rentals/951-Winter-Ridge.html,Rental detail gallery
research/old-site/assets/images/rentals/sidney/interior/951-07.jpg,rental-interior,640x480,35,False,Rentals/951-Winter-Ridge.html,Rental detail gallery
research/old-site/assets/images/rentals/sidney/interior/951-08.jpg,rental-interior,640x480,38,False,Rentals/951-Winter-Ridge.html,Rental detail gallery
research/old-site/assets/images/rentals/sidney/interior/951-09.jpg,rental-interior,640x480,47,False,Rentals/951-Winter-Ridge.html,Rental detail gallery
research/old-site/assets/images/rentals/sidney/interior/956-01.jpg,rental-interior,750x1000,195,False,Rentals/956-958-Winter-Ridge.html,Rental detail gallery
research/old-site/assets/images/rentals/sidney/interior/956-02.jpg,rental-interior,750x1000,125,False,Rentals/956-958-Winter-Ridge.html,Rental detail gallery
research/old-site/assets/images/rentals/sidney/interior/956-03.jpg,rental-interior,750x1000,142,False,Rentals/956-958-Winter-Ridge.html,Rental detail gallery
research/old-site/assets/images/rentals/sidney/interior/956-04.jpg,rental-interior,750x1000,102,False,Rentals/956-958-Winter-Ridge.html,Rental detail gallery
research/old-site/assets/images/rentals/sidney/interior/956-05.jpg,rental-interior,750x1000,113,False,Rentals/956-958-Winter-Ridge.html,Rental detail gallery
research/old-site/assets/images/rentals/sidney/interior/956-06.jpg,rental-interior,750x1000,110,False,Rentals/956-958-Winter-Ridge.html,Rental detail gallery
research/old-site/assets/images/rentals/sidney/interior/956-07.jpg,rental-interior,750x1000,134,False,Rentals/956-958-Winter-Ridge.html,Rental detail gallery
research/old-site/assets/images/rentals/sidney/interior/956-08.jpg,rental-interior,750x1000,82,False,Rentals/956-958-Winter-Ridge.html,Rental detail gallery
research/old-site/assets/images/rentals/sidney/interior/956-09.jpg,rental-interior,750x1000,196,False,Rentals/956-958-Winter-Ridge.html,Rental detail gallery
research/old-site/assets/images/rentals/sidney/interior/958-01.jpg,rental-interior,480x640,68,False,Rentals/956-958-Winter-Ridge.html,Rental detail gallery
research/old-site/assets/images/rentals/sidney/interior/958-02.jpg,rental-interior,480x640,37,False,Rentals/956-958-Winter-Ridge.html,Rental detail gallery
research/old-site/assets/images/rentals/sidney/interior/958-03.jpg,rental-interior,480x640,46,False,Rentals/956-958-Winter-Ridge.html,Rental detail gallery
research/old-site/assets/images/rentals/sidney/interior/958-04.jpg,rental-interior,480x640,48,False,Rentals/956-958-Winter-Ridge.html,Rental detail gallery
research/old-site/assets/images/rentals/sidney/interior/958-05.jpg,rental-interior,480x640,40,False,Rentals/956-958-Winter-Ridge.html,Rental detail gallery
research/old-site/assets/images/rentals/sidney/interior/958-06.jpg,rental-interior,640x480,49,False,Rentals/956-958-Winter-Ridge.html,Rental detail gallery
research/old-site/assets/images/rentals/sidney/interior/small/901-01-SM.jpg,rental-interior,200x150,6,True,Rentals/901-Winter-Ridge.html,Thumbnail only
research/old-site/assets/images/rentals/sidney/interior/small/901-02-SM.jpg,rental-interior,200x150,10,True,Rentals/901-Winter-Ridge.html,Thumbnail only
research/old-site/assets/images/rentals/sidney/interior/small/901-03-SM.jpg,rental-interior,200x150,9,True,Rentals/901-Winter-Ridge.html,Thumbnail only
research/old-site/assets/images/rentals/sidney/interior/small/901-04-SM.jpg,rental-interior,200x150,10,True,Rentals/901-Winter-Ridge.html,Thumbnail only
research/old-site/assets/images/rentals/sidney/interior/small/901-05-SM.jpg,rental-interior,200x150,10,True,Rentals/901-Winter-Ridge.html,Thumbnail only
research/old-site/assets/images/rentals/sidney/interior/small/901-06-SM.jpg,rental-interior,200x150,9,True,Rentals/901-Winter-Ridge.html,Thumbnail only
research/old-site/assets/images/rentals/sidney/interior/small/901-07-SM.jpg,rental-interior,200x150,10,True,Rentals/901-Winter-Ridge.html,Thumbnail only
research/old-site/assets/images/rentals/sidney/interior/small/901-08-SM.jpg,rental-interior,200x150,7,True,Rentals/901-Winter-Ridge.html,Thumbnail only
research/old-site/assets/images/rentals/sidney/interior/small/901-09-SM.jpg,rental-interior,200x150,7,True,Rentals/901-Winter-Ridge.html,Thumbnail only
research/old-site/assets/images/rentals/sidney/interior/small/901-10-SM.jpg,rental-interior,200x150,10,True,Rentals/901-Winter-Ridge.html,Thumbnail only
research/old-site/assets/images/rentals/sidney/interior/small/951-01-SM.jpg,rental-interior,200x150,7,True,Rentals/951-Winter-Ridge.html,Thumbnail only
research/old-site/assets/images/rentals/sidney/interior/small/951-02-SM.jpg,rental-interior,200x150,8,True,Rentals/951-Winter-Ridge.html,Thumbnail only
research/old-site/assets/images/rentals/sidney/interior/small/951-03-SM.jpg,rental-interior,200x150,8,True,Rentals/951-Winter-Ridge.html,Thumbnail only
research/old-site/assets/images/rentals/sidney/interior/small/951-04-SM.jpg,rental-interior,200x150,6,True,Rentals/951-Winter-Ridge.html,Thumbnail only
research/old-site/assets/images/rentals/sidney/interior/small/951-05-SM.jpg,rental-interior,200x150,8,True,Rentals/951-Winter-Ridge.html,Thumbnail only
research/old-site/assets/images/rentals/sidney/interior/small/951-06-SM.jpg,rental-interior,200x150,8,True,Rentals/951-Winter-Ridge.html,Thumbnail only
research/old-site/assets/images/rentals/sidney/interior/small/951-07-SM.jpg,rental-interior,200x150,7,True,Rentals/951-Winter-Ridge.html,Thumbnail only
research/old-site/assets/images/rentals/sidney/interior/small/951-08-SM.jpg,rental-interior,200x150,6,True,Rentals/951-Winter-Ridge.html,Thumbnail only
research/old-site/assets/images/rentals/sidney/interior/small/951-09-SM.jpg,rental-interior,200x150,9,True,Rentals/951-Winter-Ridge.html,Thumbnail only
research/old-site/assets/images/rentals/sidney/interior/small/956-01-SM.jpg,rental-interior,200x150,8,True,Rentals/956-958-Winter-Ridge.html,Thumbnail only
research/old-site/assets/images/rentals/sidney/interior/small/956-02-SM.jpg,rental-interior,200x150,7,True,Rentals/956-958-Winter-Ridge.html,Thumbnail only
research/old-site/assets/images/rentals/sidney/interior/small/956-03-SM.jpg,rental-interior,200x150,9,True,Rentals/956-958-Winter-Ridge.html,Thumbnail only
research/old-site/assets/images/rentals/sidney/interior/small/956-04-SM.jpg,rental-interior,200x150,7,True,Rentals/956-958-Winter-Ridge.html,Thumbnail only
research/old-site/assets/images/rentals/sidney/interior/small/956-05-SM.jpg,rental-interior,200x150,8,True,Rentals/956-958-Winter-Ridge.html,Thumbnail only
research/old-site/assets/images/rentals/sidney/interior/small/956-06-SM.jpg,rental-interior,200x150,6,True,Rentals/956-958-Winter-Ridge.html,Thumbnail only
research/old-site/assets/images/rentals/sidney/interior/small/956-07-SM.jpg,rental-interior,200x150,7,True,Rentals/956-958-Winter-Ridge.html,Thumbnail only
research/old-site/assets/images/rentals/sidney/interior/small/956-08-SM.jpg,rental-interior,200x150,6,True,Rentals/956-958-Winter-Ridge.html,Thumbnail only
research/old-site/assets/images/rentals/sidney/interior/small/956-09-SM.jpg,rental-interior,200x150,10,True,Rentals/956-958-Winter-Ridge.html,Thumbnail only
research/old-site/assets/images/rentals/sidney/interior/small/958-01-SM.jpg,rental-interior,200x150,10,True,Rentals/956-958-Winter-Ridge.html,Thumbnail only
research/old-site/assets/images/rentals/sidney/interior/small/958-02-SM.jpg,rental-interior,200x150,6,True,Rentals/956-958-Winter-Ridge.html,Thumbnail only
research/old-site/assets/images/rentals/sidney/interior/small/958-03-SM.jpg,rental-interior,200x150,7,True,Rentals/956-958-Winter-Ridge.html,Thumbnail only
research/old-site/assets/images/rentals/sidney/interior/small/958-04-SM.jpg,rental-interior,200x150,7,True,Rentals/956-958-Winter-Ridge.html,Thumbnail only
research/old-site/assets/images/rentals/sidney/interior/small/958-05-SM.jpg,rental-interior,200x150,7,True,Rentals/956-958-Winter-Ridge.html,Thumbnail only
research/old-site/assets/images/rentals/sidney/interior/small/958-06-SM.jpg,rental-interior,200x150,7,True,Rentals/956-958-Winter-Ridge.html,Thumbnail only
